{"data": [{"type": "mesh3d", "x": [-1.0, -1.0, 1.0, 1.0, -1.0, -1.0, 1.0, 1.0], "y": [0.9999999999999999, 1.0, 1.0, 0.9999999999999999, -1.0, -0.9999999999999999, -0.9999999999999999, -1.0], "z": [-1.0, 0.9999999999999999, 0.9999999999999999, -1.0, -0.9999999999999999, 1.0, 1.0, -0.9999999999999999], "colorscale": [["0", "rgb(255,255,255)"], ["0.5", "rgb(0,133,202) "], ["1", "rgb(0,62,116)"]], "intensity": [0, 0.142857142857143, 0.285714285714286, 0.428571428571429, 0.571428571428571, 0.714285714285714, 0.857142857142857, 1], "i": [7, 0, 0, 0, 4, 4, 6, 6, 4, 0, 3, 2], "j": [3, 4, 1, 2, 5, 6, 5, 2, 0, 1, 6, 3], "k": [0, 7, 2, 3, 6, 7, 1, 1, 5, 5, 7, 6], "name": "y", "showscale": false, "visible": false}, {"type": "mesh3d", "x": [-1.0, -1.0, 1.0, 1.0, -1.0, -1.0, 1.0, 1.0], "y": [0.9999999999999999, 1.0, 1.0, 0.9999999999999999, -1.0, -0.9999999999999999, -0.9999999999999999, -1.0], "z": [-1.0, 0.9999999999999999, 0.9999999999999999, -1.0, -0.9999999999999999, 1.0, 1.0, -0.9999999999999999], "colorscale": [["0", "rgb(255,255,255)"], ["0.5", "rgb(0,133,202) "], ["1", "rgb(0,62,116)"]], "intensity": [0, 0.142857142857143, 0.285714285714286, 0.428571428571429, 0.571428571428571, 0.714285714285714, 0.857142857142857, 1], "i": [7, 0, 0, 0, 4, 4, 6, 6, 4, 0, 3, 2], "j": [3, 4, 1, 2, 5, 6, 5, 2, 0, 1, 6, 3], "k": [0, 7, 2, 3, 6, 7, 1, 1, 5, 5, 7, 6], "name": "y", "showscale": false, "visible": false}, {"type": "mesh3d", "x": [-1.0, -1.0, 1.0, 1.0, -1.0, -1.0, 1.0, 1.0], "y": [0.9999999999999999, 1.0, 1.0, 0.9999999999999999, -1.0, -0.9999999999999999, -0.9999999999999999, -1.0], "z": [-1.0, 0.9999999999999999, 0.9999999999999999, -1.0, -0.9999999999999999, 1.0, 1.0, -0.9999999999999999], "colorscale": [["0", "rgb(255,255,255)"], ["0.5", "rgb(0,133,202) "], ["1", "rgb(0,62,116)"]], "intensity": [0, 0.142857142857143, 0.285714285714286, 0.428571428571429, 0.571428571428571, 0.714285714285714, 0.857142857142857, 1], "i": [7, 0, 0, 0, 4, 4, 6, 6, 4, 0, 3, 2], "j": [3, 4, 1, 2, 5, 6, 5, 2, 0, 1, 6, 3], "k": [0, 7, 2, 3, 6, 7, 1, 1, 5, 5, 7, 6], "name": "y", "showscale": false, "visible": false}, {"type": "mesh3d", "x": [-1.0, -1.0, 1.0, 1.0, -1.0, -1.0, 1.0, 1.0], "y": [0.9999999999999999, 1.0, 1.0, 0.9999999999999999, -1.0, -0.9999999999999999, -0.9999999999999999, -1.0], "z": [-1.0, 0.9999999999999999, 0.9999999999999999, -1.0, -0.9999999999999999, 1.0, 1.0, -0.9999999999999999], "colorscale": [["0", "rgb(255,255,255)"], ["0.5", "rgb(0,133,202) "], ["1", "rgb(0,62,116)"]], "intensity": [0, 0.142857142857143, 0.285714285714286, 0.428571428571429, 0.571428571428571, 0.714285714285714, 0.857142857142857, 1], "i": [7, 0, 0, 0, 4, 4, 6, 6, 4, 0, 3, 2], "j": [3, 4, 1, 2, 5, 6, 5, 2, 0, 1, 6, 3], "k": [0, 7, 2, 3, 6, 7, 1, 1, 5, 5, 7, 6], "name": "y", "showscale": false, "visible": false}, {"type": "mesh3d", "x": [-1.0, -1.0, 1.0, 1.0, -1.0, -1.0, 1.0, 1.0], "y": [0.9999999999999999, 1.0, 1.0, 0.9999999999999999, -1.0, -0.9999999999999999, -0.9999999999999999, -1.0], "z": [-1.0, 0.9999999999999999, 0.9999999999999999, -1.0, -0.9999999999999999, 1.0, 1.0, -0.9999999999999999], "colorscale": [["0", "rgb(255,255,255)"], ["0.5", "rgb(0,133,202) "], ["1", "rgb(0,62,116)"]], "intensity": [0, 0.142857142857143, 0.285714285714286, 0.428571428571429, 0.571428571428571, 0.714285714285714, 0.857142857142857, 1], "i": [7, 0, 0, 0, 4, 4, 6, 6, 4, 0, 3, 2], "j": [3, 4, 1, 2, 5, 6, 5, 2, 0, 1, 6, 3], "k": [0, 7, 2, 3, 6, 7, 1, 1, 5, 5, 7, 6], "name": "y", "showscale": false, "visible": false}, {"type": "mesh3d", "x": [-1.0, -1.0, 1.0, 1.0, -1.0, -1.0, 1.0, 1.0], "y": [0.9999999999999999, 1.0, 1.0, 0.9999999999999999, -1.0, -0.9999999999999999, -0.9999999999999999, -1.0], "z": [-1.0, 0.9999999999999999, 0.9999999999999999, -1.0, -0.9999999999999999, 1.0, 1.0, -0.9999999999999999], "colorscale": [["0", "rgb(255,255,255)"], ["0.5", "rgb(0,133,202) "], ["1", "rgb(0,62,116)"]], "intensity": [0, 0.142857142857143, 0.285714285714286, 0.428571428571429, 0.571428571428571, 0.714285714285714, 0.857142857142857, 1], "i": [7, 0, 0, 0, 4, 4, 6, 6, 4, 0, 3, 2], "j": [3, 4, 1, 2, 5, 6, 5, 2, 0, 1, 6, 3], "k": [0, 7, 2, 3, 6, 7, 1, 1, 5, 5, 7, 6], "name": "y", "showscale": false, "visible": false}, {"type": "mesh3d", "x": [-1.0, -1.0, 1.0, 1.0, -1.0, -1.0, 1.0, 1.0], "y": [0.9999999999999999, 1.0, 1.0, 0.9999999999999999, -1.0, -0.9999999999999999, -0.9999999999999999, -1.0], "z": [-1.0, 0.9999999999999999, 0.9999999999999999, -1.0, -0.9999999999999999, 1.0, 1.0, -0.9999999999999999], "colorscale": [["0", "rgb(255,255,255)"], ["0.5", "rgb(0,133,202) "], ["1", "rgb(0,62,116)"]], "intensity": [0, 0.142857142857143, 0.285714285714286, 0.428571428571429, 0.571428571428571, 0.714285714285714, 0.857142857142857, 1], "i": [7, 0, 0, 0, 4, 4, 6, 6, 4, 0, 3, 2], "j": [3, 4, 1, 2, 5, 6, 5, 2, 0, 1, 6, 3], "k": [0, 7, 2, 3, 6, 7, 1, 1, 5, 5, 7, 6], "name": "y", "showscale": false, "visible": false}, {"type": "mesh3d", "x": [-1.0, -1.0, 1.0, 1.0, -1.0, -1.0, 1.0, 1.0], "y": [0.9999999999999999, 1.0, 1.0, 0.9999999999999999, -1.0, -0.9999999999999999, -0.9999999999999999, -1.0], "z": [-1.0, 0.9999999999999999, 0.9999999999999999, -1.0, -0.9999999999999999, 1.0, 1.0, -0.9999999999999999], "colorscale": [["0", "rgb(255,255,255)"], ["0.5", "rgb(0,133,202) "], ["1", "rgb(0,62,116)"]], "intensity": [0, 0.142857142857143, 0.285714285714286, 0.428571428571429, 0.571428571428571, 0.714285714285714, 0.857142857142857, 1], "i": [7, 0, 0, 0, 4, 4, 6, 6, 4, 0, 3, 2], "j": [3, 4, 1, 2, 5, 6, 5, 2, 0, 1, 6, 3], "k": [0, 7, 2, 3, 6, 7, 1, 1, 5, 5, 7, 6], "name": "y", "showscale": false, "visible": false}, {"type": "mesh3d", "x": [-1.0, -1.0, 1.0, 1.0, -1.0, -1.0, 1.0, 1.0], "y": [0.9999999999999999, 1.0, 1.0, 0.9999999999999999, -1.0, -0.9999999999999999, -0.9999999999999999, -1.0], "z": [-1.0, 0.9999999999999999, 0.9999999999999999, -1.0, -0.9999999999999999, 1.0, 1.0, -0.9999999999999999], "colorscale": [["0", "rgb(255,255,255)"], ["0.5", "rgb(0,133,202) "], ["1", "rgb(0,62,116)"]], "intensity": [0, 0.142857142857143, 0.285714285714286, 0.428571428571429, 0.571428571428571, 0.714285714285714, 0.857142857142857, 1], "i": [7, 0, 0, 0, 4, 4, 6, 6, 4, 0, 3, 2], "j": [3, 4, 1, 2, 5, 6, 5, 2, 0, 1, 6, 3], "k": [0, 7, 2, 3, 6, 7, 1, 1, 5, 5, 7, 6], "name": "y", "showscale": false, "visible": false}, {"type": "mesh3d", "x": [-1.0, -1.0, 1.0, 1.0, -1.0, -1.0, 1.0, 1.0], "y": [0.9999999999999999, 1.0, 1.0, 0.9999999999999999, -1.0, -0.9999999999999999, -0.9999999999999999, -1.0], "z": [-1.0, 0.9999999999999999, 0.9999999999999999, -1.0, -0.9999999999999999, 1.0, 1.0, -0.9999999999999999], "colorscale": [["0", "rgb(255,255,255)"], ["0.5", "rgb(0,133,202) "], ["1", "rgb(0,62,116)"]], "intensity": [0, 0.142857142857143, 0.285714285714286, 0.428571428571429, 0.571428571428571, 0.714285714285714, 0.857142857142857, 1], "i": [7, 0, 0, 0, 4, 4, 6, 6, 4, 0, 3, 2], "j": [3, 4, 1, 2, 5, 6, 5, 2, 0, 1, 6, 3], "k": [0, 7, 2, 3, 6, 7, 1, 1, 5, 5, 7, 6], "name": "y", "showscale": false, "visible": false}], "layout": {"sliders": [{"active": 10, "pad": {"t": 50}, "steps": [{"method": "restyle", "args": ["visible", [true, false, false, false, false, false, false, false, false, false]]}, {"method": "restyle", "args": ["visible", [false, true, false, false, false, false, false, false, false, false]]}, {"method": "restyle", "args": ["visible", [false, false, true, false, false, false, false, false, false, false]]}, {"method": "restyle", "args": ["visible", [false, false, false, true, false, false, false, false, false, false]]}, {"method": "restyle", "args": ["visible", [false, false, false, false, true, false, false, false, false, false]]}, {"method": "restyle", "args": ["visible", [false, false, false, false, false, true, false, false, false, false]]}, {"method": "restyle", "args": ["visible", [false, false, false, false, false, false, true, false, false, false]]}, {"method": "restyle",