{"0": {"x": [1.0, 0], "y": [0.0, 0]}, "1": {"x": [0.9997917606637399, 0], "y": [0.020406746651514887, 0]}, "2": {"x": [0.9991671293822018, 0], "y": [0.04080499432827389, 0]}, "3": {"x": [0.9981263663009927, 0], "y": [0.06118624759516286, 0]}, "4": {"x": [0.996669904875739, 0], "y": [0.08154201809487689, 0]}, "5": {"x": [0.9947983516915619, 0], "y": [0.10186382808314015, 0]}, "6": {"x": [0.9925124862104469, 0], "y": [0.12214321395950552, 0]}, "7": {"x": [0.9898132604466151, 0], "y": [0.14237172979226365, 0]}, "8": {"x": [0.9867017985700295, 0], "y": [0.16254095083599351, 0]}, "9": {"x": [0.9831793964382022, 0], "y": [0.182642477040289, 0]}, "10": {"x": [0.9792475210564969, 0], "y": [0.20266793654820092, 0]}, "11": {"x": [0.9749078099671533, 0], "y": [0.2226089891829368, 0]}, "12": {"x": [0.9701620705672849, 0], "y": [0.24245732992136676, 0]}, "13": {"x": [0.9650122793561371, 0], "y": [0.2622046923528882, 0]}, "14": {"x": [0.9594605811119173, 0], "y": [0.28184285212220994, 0]}, "15": {"x": [0.9535092879985405, 0], "y": [0.3013636303546205, 0]}, "16": {"x": [0.9471608786026623, 0], "y": [0.3207588970623151, 0]}, "17": {"x": [0.9404179969014005, 0], "y": [0.34002057453036205, 0]}, "18": {"x": [0.9332834511611751, 0], "y": [0.359140640680899, 0]}, "19": {"x": [0.9257602127681248, 0], "y": [0.37811113241415717, 0]}, "20": {"x": [0.9178514149905889, 0], "y": [0.39692414892492234, 0]}, "21": {"x": [0.9095603516741667, 0], "y": [0.415571854993052, 0]}, "22": {"x": [0.9008904758699022, 0], "y": [0.4340464842466773, 0]}, "23": {"x": [0.8918453983961613, 0], "y": [0.45234034239673154, 0]}, "24": {"x": [0.882428886334803, 0], "y": [0.470445810441457, 0]}, "25": {"x": [0.8726448614622705, 0], "y": [0.4883553478395571, 0]}, "26": {"x": [0.8624973986162545, 0], "y": [0.5060614956506707, 0]}, "27": {"x": [0.8519907239986106, 0], "y": [0.5235568796418621, 0]}, "28": {"x": [0.8411292134152362, 0], "y": [0.5408342133588315, 0]}, "29": {"x": [0.8299173904536405, 0], "y": [0.5578863011605676, 0]}, "30": {"x": [0.8183599245989673, 0], "y": [0.5747060412161791, 0]}, "31": {"x": [0.8064616292892532, 0], "y": [0.5912864284626554, 0]}, "32": {"x": [0.7942274599107344, 0], "y": [0.6076205575223265, 0]}, "33": {"x": [0.7816625117340326, 0], "y": [0.6237016255788046, 0]}, "34": {"x": [0.7687720177920849, 0], "y": [0.6395229352102129, 0]}, "35": {"x": [0.7555613467006966, 0], "y": [0.6550778971785185, 0]}, "36": {"x": [0.7420360004226267, 0], "y": [0.6703600331738099, 0]}, "37": {"x": [0.7282016119761385, 0], "y": [0.6853629785123744, 0]}, "38": {"x": [0.7140639430889674, 0], "y": [0.7000804847874535, 0]}, "39": {"x": [0.699628881798684, 0], "y": [0.7145064224715709, 0]}, "40": {"x": [0.6849024400004522, 0], "y": [0.7286347834693503, 0]}, "41": {"x": [0.6698907509432032, 0], "y": [0.7424596836197581, 0]}, "42": {"x": [0.6546000666752676, 0], "y": [0.7559753651467322, 0]}, "43": {"x": [0.6390367554405314, 0], "y": [0.769176199057172, 0]}, "44": {"x": [0.6232072990261979, 0], "y": [0.7820566874852943, 0]}, "45": {"x": [0.6071182900632608, 0], "y": [0.7946114659823771, 0]}, "46": {"x": [0.5907764292808154, 0], "y": [0.8068353057509381, 0]}, "47": {"x": [0.5741885227153468, 0], "y": [0.8187231158224174, 0]}, "48": {"x": [0.5573614788761615, 0], "y": [0.8302699451774574, 0]}, "49": {"x": [0.5403023058681398, 0], "y": [0.8414709848078965, 0]}}